date,number-1,number-2,number-3,number-4,number-5,number-6,prize
07/03/2025,08,11,12,20,25,32,19.015.032.000
05/03/2025,10,22,32,37,41,43,17.354.094.000
02/03/2025,08,24,30,33,42,45,15.328.308.500
28/02/2025,10,11,14,16,21,29,13.537.177.000
26/02/2025,02,13,15,16,18,20,22.893.989.000
23/02/2025,10,12,15,17,24,33,20.715.045.000
21/02/2025,04,09,19,20,30,42,18.757.108.500
19/02/2025,01,06,10,11,25,29,16.995.194.500
16/02/2025,11,19,26,28,35,40,15.385.461.000
14/02/2025,06,08,10,27,28,32,13.642.050.000
12/02/2025,07,19,31,39,42,43,20.547.584.500
09/02/2025,08,16,22,27,31,34,18.275.685.500
07/02/2025,04,05,25,27,35,39,16.338.643.500
05/02/2025,04,06,09,14,25,41,14.118.575.500
02/02/2025,15,20,22,29,32,36,152.678.407.000
31/01/2025,02,15,16,32,42,45,139.780.079.500
26/01/2025,05,08,09,11,20,29,126.005.043.500
24/01/2025,01,07,11,22,31,34,113.638.180.500
22/01/2025,03,21,26,29,32,33,100.732.063.000
19/01/2025,05,06,10,19,32,38,88.694.200.500
17/01/2025,02,12,22,31,34,35,79.711.876.500
15/01/2025,02,06,08,10,23,33,70.643.696.000
12/01/2025,02,09,12,14,41,44,64.648.452.500
10/01/2025,02,04,08,28,42,44,60.864.897.000
08/01/2025,02,03,17,33,37,38,57.135.772.500
05/01/2025,02,07,15,37,41,42,53.382.262.500
03/01/2025,06,12,21,27,34,41,50.082.418.000
01/01/2025,14,20,25,28,36,40,47.338.930.500
29/12/2024,05,08,19,31,34,43,44.067.745.500
27/12/2024,01,10,13,24,25,33,41.293.911.500
25/12/2024,08,13,20,25,28,39,38.615.657.500
22/12/2024,15,16,24,27,31,44,36.004.612.500
20/12/2024,06,09,12,21,28,33,33.371.997.000
18/12/2024,03,07,12,16,26,34,31.310.806.000
15/12/2024,01,10,20,22,23,36,29.082.832.000
13/12/2024,03,07,29,36,37,44,26.867.060.000
11/12/2024,02,10,17,23,29,33,24.777.935.000
08/12/2024,01,13,24,26,27,37,22.725.738.500
06/12/2024,08,14,18,26,34,42,20.515.681.000
04/12/2024,07,14,19,24,34,36,18.798.154.500
01/12/2024,15,17,25,29,33,35,17.057.985.500
29/11/2024,12,15,33,35,37,45,15.190.794.500
27/11/2024,06,21,24,31,42,44,13.588.912.500
24/11/2024,05,14,15,21,33,36,16.930.514.500
22/11/2024,01,14,15,19,38,40,15.156.338.000
20/11/2024,04,16,24,29,31,37,13.418.918.000
17/11/2024,11,17,29,31,38,42,13.537.887.500
15/11/2024,08,13,31,36,37,40,45.581.631.000
13/11/2024,03,23,28,35,39,42,42.456.900.000
10/11/2024,03,07,11,12,13,40,39.606.306.500
08/11/2024,11,15,18,27,34,37,37.004.206.500
06/11/2024,01,02,03,11,25,37,34.366.173.000
03/11/2024,01,04,05,16,20,22,31.646.618.500
01/11/2024,20,22,23,32,35,40,29.358.428.000
30/10/2024,04,13,20,29,32,37,26.810.933.500
27/10/2024,18,21,28,29,33,45,24.626.576.000
25/10/2024,03,10,31,32,34,40,22.669.162.000
23/10/2024,22,27,28,31,37,44,20.513.466.500
20/10/2024,06,23,24,25,26,34,18.553.176.000
18/10/2024,13,19,20,22,24,37,16.591.982.500
16/10/2024,04,14,19,23,24,37,14.890.252.500
13/10/2024,07,10,13,17,21,45,13.369.031.000
11/10/2024,11,19,26,28,29,43,13.354.346.000
09/10/2024,14,18,20,22,34,45,13.438.081.500
06/10/2024,07,14,33,36,42,43,16.416.912.500
04/10/2024,08,10,21,32,39,44,14.724.040.000
02/10/2024,05,06,11,23,31,36,13.365.690.500
29/09/2024,03,07,16,17,41,42,27.222.998.500
27/09/2024,01,06,18,25,39,44,25.263.520.500
25/09/2024,10,23,25,27,31,37,23.337.824.500
22/09/2024,20,23,28,36,40,42,21.434.713.500
20/09/2024,13,14,19,20,30,33,19.410.440.000
18/09/2024,04,08,27,28,35,36,17.855.427.500
15/09/2024,03,11,28,32,33,35,16.097.503.500
13/09/2024,06,12,27,34,41,42,14.538.458.000
11/09/2024,06,11,19,23,34,37,13.176.145.000
08/09/2024,03,08,10,26,34,37,28.144.908.000
06/09/2024,05,25,28,32,36,41,26.383.657.500
04/09/2024,02,07,15,18,24,33,24.441.923.000
01/09/2024,30,31,33,38,42,43,22.540.554.500
30/08/2024,02,15,19,26,34,36,20.718.469.000
28/08/2024,04,05,17,25,39,41,18.798.951.500
25/08/2024,06,10,15,17,40,42,17.010.599.000
23/08/2024,07,13,26,28,35,41,15.205.954.500
21/08/2024,07,08,09,15,22,30,13.466.623.500
18/08/2024,04,13,28,33,35,38,15.056.391.500
16/08/2024,16,22,23,30,34,41,13.447.188.500
14/08/2024,01,06,09,21,43,44,17.116.579.000
11/08/2024,17,18,19,33,35,37,15.199.287.000
09/08/2024,06,14,15,24,26,39,13.483.702.000
07/08/2024,11,19,22,29,40,44,47.395.426.500
04/08/2024,01,04,16,18,20,32,42.127.575.500
02/08/2024,09,14,19,34,37,41,37.052.164.000
31/07/2024,02,04,12,16,18,42,33.278.054.500
28/07/2024,01,13,21,25,31,39,31.100.674.000
26/07/2024,18,20,28,31,39,45,28.738.175.000
24/07/2024,07,08,20,27,32,34,26.628.545.500
21/07/2024,09,10,23,25,28,38,24.380.999.000
19/07/2024,01,10,20,25,34,35,22.544.117.000
17/07/2024,09,10,11,16,21,30,20.516.749.500
14/07/2024,09,18,33,37,38,43,18.676.058.500
12/07/2024,11,17,25,26,28,29,17.018.319.000
10/07/2024,23,24,36,37,40,45,15.294.625.500
07/07/2024,04,08,22,23,26,45,13.539.605.500
05/07/2024,04,23,33,38,40,44,20.185.430.500
03/07/2024,11,18,24,34,38,43,18.339.607.000
30/06/2024,05,23,25,28,30,43,16.735.323.500
28/06/2024,04,06,16,32,41,44,15.172.247.000
26/06/2024,08,10,29,30,33,40,13.538.712.500
23/06/2024,09,11,19,29,31,44,19.775.097.000
21/06/2024,03,07,11,16,19,35,18.108.742.500
19/06/2024,08,12,17,23,26,27,16.583.396.500
16/06/2024,03,16,17,18,25,37,15.109.366.500
14/06/2024,10,24,25,26,30,41,13.410.838.000
12/06/2024,01,02,08,13,26,34,41.467.525.000
09/06/2024,04,05,28,32,37,42,36.917.178.000
07/06/2024,15,19,24,25,27,39,32.584.730.500
05/06/2024,11,25,28,33,34,45,28.609.380.500
02/06/2024,02,07,13,23,25,45,24.397.894.000
31/05/2024,04,08,15,23,31,40,22.426.387.500
29/05/2024,04,21,25,27,35,39,20.570.219.000
26/05/2024,04,09,11,14,19,27,18.585.169.500
24/05/2024,02,14,15,17,23,40,16.892.502.000
22/05/2024,02,03,10,22,41,43,15.046.246.500
19/05/2024,05,19,25,35,37,39,13.304.746.000
17/05/2024,08,22,27,29,39,43,69.796.747.000
15/05/2024,03,11,13,21,24,34,63.000.355.500
12/05/2024,03,05,06,09,32,45,56.872.464.500
10/05/2024,12,13,31,38,42,43,53.511.343.500
08/05/2024,02,10,13,22,30,34,50.378.948.500
05/05/2024,10,12,14,16,21,39,47.438.133.000
03/05/2024,01,13,14,21,27,43,44.647.657.500
01/05/2024,07,09,17,20,25,29,41.717.518.000
28/04/2024,01,13,14,22,23,37,39.429.278.000
26/04/2024,02,03,25,34,35,38,36.854.769.000
24/04/2024,07,21,30,33,38,39,33.913.442.500
21/04/2024,07,21,36,38,40,45,31.115.578.500
19/04/2024,02,03,20,21,32,33,28.496.335.000
17/04/2024,09,16,26,27,32,41,25.900.366.000
14/04/2024,07,12,16,29,42,45,23.427.026.500
12/04/2024,06,17,18,26,43,45,21.014.657.500
10/04/2024,02,10,30,33,34,40,18.500.289.500
07/04/2024,03,11,15,17,24,35,15.945.247.500
05/04/2024,14,18,22,29,36,37,13.802.587.000
03/04/2024,07,11,14,22,29,34,15.715.733.000
31/03/2024,05,12,13,17,40,41,13.833.689.000
29/03/2024,04,07,25,34,35,38,24.266.327.500
27/03/2024,06,29,31,35,42,44,21.920.780.500
24/03/2024,01,14,22,28,32,42,19.560.299.000
22/03/2024,05,06,11,20,24,45,17.383.898.500
20/03/2024,08,14,26,28,43,45,15.554.264.500
17/03/2024,01,03,05,26,30,42,13.712.050.500
15/03/2024,09,11,16,29,31,33,25.152.452.500
13/03/2024,01,13,25,30,34,40,23.424.929.500
10/03/2024,04,12,19,23,36,41,20.891.137.000
08/03/2024,02,26,28,40,41,45,19.076.425.000
06/03/2024,11,15,34,39,41,43,16.998.337.500
03/03/2024,03,10,17,20,22,27,15.089.165.000
01/03/2024,20,22,24,26,28,37,13.505.728.500
28/02/2024,01,10,21,25,32,39,13.552.229.000
25/02/2024,05,07,10,12,15,26,13.116.681.000
23/02/2024,04,17,19,27,28,36,55.896.580.500
21/02/2024,02,08,14,19,24,42,50.440.757.500
18/02/2024,05,19,20,21,24,40,45.166.929.000
16/02/2024,06,10,16,20,40,42,40.113.943.000
14/02/2024,08,09,11,12,40,44,35.490.259.000
11/02/2024,07,18,31,33,35,41,31.449.479.500
07/02/2024,17,21,24,25,39,42,26.679.187.500
04/02/2024,09,15,21,29,33,39,23.589.111.000
02/02/2024,01,15,29,31,32,34,21.772.445.000
31/01/2024,09,11,15,35,38,41,19.563.269.500
28/01/2024,03,23,25,29,36,41,17.814.565.000
26/01/2024,08,19,22,27,31,35,16.171.568.000
24/01/2024,07,27,30,36,39,45,14.729.627.500
21/01/2024,11,20,22,23,26,31,13.390.683.500
19/01/2024,08,15,20,24,43,44,48.351.151.000
17/01/2024,14,19,21,36,43,44,43.773.001.000
14/01/2024,02,08,19,20,24,42,39.228.755.000
12/01/2024,10,11,20,27,39,43,35.243.823.000
10/01/2024,10,12,18,19,29,43,31.561.758.500
07/01/2024,03,04,15,18,36,45,27.818.430.500
05/01/2024,09,16,29,31,33,42,24.663.684.500
03/01/2024,09,14,19,20,29,40,22.767.710.000
31/12/2023,13,14,23,25,34,44,21.072.294.500
29/12/2023,16,20,22,35,37,39,19.275.775.000
27/12/2023,08,16,23,34,36,39,17.680.939.500
24/12/2023,01,02,05,24,40,43,16.190.373.500
22/12/2023,02,12,14,16,34,38,14.542.048.500
20/12/2023,05,15,16,21,22,32,13.317.089.500
17/12/2023,03,07,18,20,31,33,32.398.072.500
15/12/2023,01,05,10,11,20,40,28.627.080.000
13/12/2023,03,07,11,20,28,44,25.402.013.000
10/12/2023,09,10,11,17,41,44,23.299.498.500
08/12/2023,11,15,16,17,42,43,21.503.268.500
06/12/2023,18,19,20,29,41,42,19.757.570.500
03/12/2023,12,14,16,21,29,32,17.845.608.000
01/12/2023,05,10,14,21,27,32,16.300.633.500
29/11/2023,09,22,24,32,38,39,14.760.004.000
26/11/2023,04,06,15,23,25,36,13.191.038.000
24/11/2023,05,18,22,34,41,45,96.243.094.000
22/11/2023,15,18,20,23,37,39,87.610.138.500
19/11/2023,01,03,19,20,26,34,79.611.327.000
17/11/2023,16,20,25,26,36,41,71.959.468.000
15/11/2023,02,03,12,16,30,37,64.531.119.500
12/11/2023,02,04,10,15,27,31,57.741.013.000
10/11/2023,01,04,10,13,14,44,52.013.662.000
08/11/2023,07,20,23,27,31,33,46.370.024.000
05/11/2023,01,13,16,18,23,25,41.347.137.000
03/11/2023,02,07,09,13,22,38,36.816.190.500
01/11/2023,01,03,15,16,23,28,34.834.282.500
29/10/2023,05,07,15,21,32,45,32.603.524.000
27/10/2023,07,10,14,21,26,37,30.339.644.500
25/10/2023,04,06,13,25,31,41,28.509.002.000
22/10/2023,10,13,14,19,35,40,26.107.271.500
20/10/2023,04,16,21,24,26,37,24.166.305.500
18/10/2023,02,07,18,20,24,29,22.112.806.000
15/10/2023,04,05,09,27,34,39,20.172.156.000
13/10/2023,01,11,16,39,40,45,18.683.183.000
11/10/2023,05,10,30,40,44,45,17.304.235.500
08/10/2023,04,16,22,28,33,39,15.968.955.500
06/10/2023,18,19,24,28,33,40,14.611.984.000
04/10/2023,07,17,21,32,40,45,13.094.802.500
01/10/2023,02,11,13,16,41,43,13.646.085.500
29/09/2023,02,08,24,27,30,43,13.077.534.000
27/09/2023,03,12,22,30,37,39,37.479.466.500
24/09/2023,04,08,23,27,30,36,35.790.940.500
22/09/2023,02,16,17,18,20,23,34.126.014.500
20/09/2023,03,06,20,39,40,41,32.375.490.000
17/09/2023,06,10,15,36,39,43,30.649.643.500
15/09/2023,02,03,05,07,10,38,29.109.343.500
13/09/2023,02,04,07,09,12,13,27.497.610.500
10/09/2023,04,05,10,18,27,40,26.272.334.000
08/09/2023,06,08,14,29,39,42,24.718.436.500
06/09/2023,03,04,12,18,19,29,23.348.795.000
03/09/2023,01,33,38,39,44,45,22.006.990.500
01/09/2023,09,14,16,19,28,41,20.706.940.500
30/08/2023,13,17,20,28,30,33,19.335.329.000
27/08/2023,24,27,30,37,44,45,17.754.370.000
25/08/2023,08,18,30,32,38,45,16.395.939.500
23/08/2023,05,14,18,19,29,31,14.916.257.500
20/08/2023,07,08,22,23,30,42,13.295.078.500
18/08/2023,12,19,21,22,34,38,14.818.425.000
16/08/2023,05,07,25,31,39,41,13.359.965.500
13/08/2023,09,15,23,33,35,40,20.257.762.000
11/08/2023,16,21,26,29,30,45,18.455.034.500
09/08/2023,18,22,30,31,39,41,16.571.524.500
06/08/2023,04,15,19,25,30,38,14.785.414.000
04/08/2023,02,12,22,38,41,44,13.278.988.000
02/08/2023,04,21,27,38,39,44,40.017.756.500
30/07/2023,03,17,23,33,42,45,35.508.728.000
28/07/2023,07,27,28,30,31,35,31.497.747.500
26/07/2023,04,13,18,21,29,37,27.710.756.500
23/07/2023,14,17,23,32,33,43,24.294.014.000
21/07/2023,09,20,31,33,36,45,22.442.762.000
19/07/2023,06,10,19,37,43,45,20.583.141.500
16/07/2023,01,07,16,18,21,29,19.016.179.500
14/07/2023,04,05,13,19,27,37,17.548.985.500
12/07/2023,19,24,27,31,33,43,16.100.659.000
09/07/2023, 14,16,27,28,33,41,14.604.632.000
07/07/2023,05,09,12,20,37,42,13.189.469.000
05/07/2023,01,12,24,27,36,44,39.273.525.000
02/07/2023,03,05,08,17,37,41,35.467.876.000
30/06/2023,02,05,20,23,31,38,33.208.130.500
28/06/2023,04,08,24,31,42,45,31.243.389.000
25/06/2023,04,06,07,25,26,30,28.708.833.500
23/06/2023,10,14,15,20,24,45,26.655.630.500
21/06/2023,07,13,19,35,37,38,24.773.674.000
18/06/2023,03,04,08,18,21,33,23.071.734.000
16/06/2023,24,26,32,37,38,41,21.207.310.000
14/06/2023,02,28,31,37,41,44,19.452.645.000
11/06/2023,05,18,22,40,41,44,17.836.752.000
09/06/2023,15,16,23,25,40,41,16.259.386.500
07/06/2023,01,07,14,16,34,44,14.678.190.500
04/06/2023,03,15,19,35,36,43,13.233.555.500
02/06/2023,03,11,14,19,21,43,15.897.330.000
31/05/2023,04,09,10,22,41,44,14.537.298.000
28/05/2023,06,13,19,20,37,44,13.230.312.000
26/05/2023,08,10,19,25,35,44,75.088.880.001
24/05/2023,09,11,15,28,33,44,69.074.823.500
21/05/2023,08,10,17,19,24,41,62.996.443.000
19/05/2023,03,09,10,27,35,38,57.421.891.500
17/05/2023,02,06,13,20,28,44,52.007.827.500
14/05/2023,07,08,13,37,42,44,46.700.646.500
12/05/2023,02,06,08,09,15,27,42.229.126.500
10/05/2023,07,08,09,13,15,27,38.480.580.500
07/05/2023,04,30,31,33,35,45,34.598.123.000
05/05/2023,22,28,31,35,36,38,30.465.327.500
03/05/2023,18,23,28,29,39,44,26.803.933.500
30/04/2023,07,09,23,24,33,36,24.181.232.000
28/04/2023,05,11,25,33,42,44,22.579.217.000
26/04/2023,01,04,07,09,34,37,21.021.341.500
23/04/2023,01,02,22,30,37,42,19.213.526.500
21/04/2023,02,04,07,10,20,44,17.515.644.500
19/04/2023,10,27,37,40,42,43,16.176.335.500
16/04/2023,08,17,20,25,33,36,14.643.306.500
14/04/2023,08,16,23,27,32,41,13.246.272.000
12/04/2023,04,07,27,28,32,43,73.078.715.000
09/04/2023,12,15,25,30,34,39,66.446.394.500
07/04/2023,09,14,22,29,39,41,60.536.720.500
05/04/2023,04,08,12,15,19,43,54.938.892.500
02/04/2023,02,24,36,38,42,43,49.214.478.000
31/03/2023,01,09,10,15,30,42,44.269.078.000
29/03/2023,03,06,12,28,29,43,40.039.098.000
26/03/2023,06,16,18,25,34,45,35.931.924.500
24/03/2023,06,14,15,18,24,41,32.015.387.000
22/03/2023,05,08,10,15,17,41,28.336.399.500
19/03/2023,02,07,10,21,28,35,24.811.119.000
17/03/2023,05,07,12,22,26,33,22.922.875.000
15/03/2023,11,19,23,28,34,35,21.319.497.500
12/03/2023,10,28,29,31,33,37,19.674.351.500
10/03/2023,03,05,13,22,36,44,18.137.132.500
08/03/2023,10,13,22,25,28,36,16.668.406.500
05/03/2023,09,11,24,31,36,44,15.021.254.500
03/03/2023,10,22,26,27,33,43,13.518.471.500
01/03/2023,13,14,29,33,38,43,96.767.240.000
26/02/2023,04,09,16,26,28,42,87.754.341.500
24/02/2023,01,10,16,22,35,44,79.907.120.500
22/02/2023,08,16,22,23,28,38,72.458.330.000
19/02/2023,02,20,22,28,29,38,65.155.827.000
17/02/2023,01,05,10,13,23,25,58.862.337.500
15/02/2023,01,02,08,20,24,31,52.573.149.000
12/02/2023,03,05,11,23,24,42,46.539.623.000
10/02/2023,01,11,23,27,33,39,41.745.505.000
08/02/2023,06,18,20,22,26,34,37.143.174.500
05/02/2023,13,15,23,29,31,34,32.791.181.500
03/02/2023,04,11,16,30,33,43,28.986.447.000
01/02/2023,16,21,27,29,34,44,25.270.714.500
29/01/2023,05,21,26,27,32,33,22.873.004.500
27/01/2023,10,13,21,29,41,43,20.897.525.000
25/01/2023,12,14,18,22,28,31,18.900.382.500
20/01/2023,03,07,13,29,32,44,17.047.650.000
15/01/2023,08,09,15,21,26,45,14.962.713.000
13/01/2023,03,11,14,20,26,42,13.505.185.000
11/01/2023,01,18,22,33,34,43,58.214.087.500
08/01/2023,11,29,32,39,40,43,52.449.684.000
06/01/2023,02,07,16,25,35,38,47.263.059.500
04/01/2023,03,05,07,37,39,42,42.607.722.500
01/01/2023,16,20,26,30,32,40,38.125.966.500
30/12/2022,03,24,31,35,39,42,35.588.379.500
28/12/2022,04,05,10,21,33,37,33.302.021.500
25/12/2022,15,17,21,28,37,43,30.681.148.000
23/12/2022,02,14,21,22,35,43,28.424.712.500
21/12/2022,08,12,20,26,35,37,26.018.721.000
18/12/2022,02,12,13,33,36,42,23.854.749.000
16/12/2022,06,19,22,26,38,39,21.908.289.000
14/12/2022,13,29,35,37,38,41,20.043.738.500
11/12/2022,09,11,16,17,22,33,17.974.244.000
09/12/2022,04,23,25,30,40,41,16.429.073.500
07/12/2022,08,11,19,24,26,42,14.667.783.000
04/12/2022,04,05,07,09,27,39,13.282.007.000
02/12/2022,02,18,21,24,38,44,16.514.716.500
30/11/2022,07,15,20,25,32,37,14.921.807.000
27/11/2022,01,26,27,35,36,43,13.440.836.000
25/11/2022,14,20,24,30,35,41,20.737.613.500
23/11/2022,04,13,15,20,37,38,18.822.931.500
20/11/2022,01,04,14,22,24,40,16.973.364.000
18/11/2022,15,16,22,25,29,33,15.234.059.500
16/11/2022,02,03,12,32,35,44,13.531.338.500
13/11/2022,03,04,27,32,40,43,72.397.323.000
11/11/2022,02,03,09,15,17,43,65.752.184.000
09/11/2022,07,09,16,20,30,32,59.325.037.000
06/11/2022,08,10,12,14,17,31,53.746.736.500
04/11/2022,09,13,16,24,33,45,48.556.175.000
02/11/2022,02,17,23,27,37,42,43.928.011.000
30/10/2022,15,27,31,36,38,41,39.364.640.500
28/10/2022,16,21,22,33,42,45,35.108.565.500
26/10/2022,02,03,10,15,31,36,31.027.945.500
23/10/2022,02,11,18,33,36,45,28.053.087.500
21/10/2022,10,16,17,18,34,42,26.156.971.000
19/10/2022,01,03 ,07,10,21,29,24.040.873.500
16/10/2022,02,05,19,26,38,40,22.314.157.500
14/10/2022,01,06,22,25,30,34,20.562.119.000
12/10/2022,01,07,13,16,27,35,18.611.883.000
09/10/2022,13,15,20,25,35,43,16.803.160.500
07/10/2022,18,20,29,34,36,38,15.061.056.500
05/10/2022,09,18,23,24,29,34,13.427.711.000
02/10/2022,03,17,28,30,31,32,21.270.243.500
30/09/2022,04,11,19,20,35,41,19.422.090.500
28/09/2022,04,05,07,24,27,30,17.875.801.500
25/09/2022,03,05,08,31,33,34,16.272.183.500
23/09/2022,01,12,21,28,30,44,14.840.078.500
21/09/2022,05,10,14,25,42,45,13.397.869.000
18/09/2022,03,05,10,17,25,29,43.132.025.000
16/09/2022,02,26,35,41,42,43,39.062.754.000
14/09/2022,03,12,15,20,24,45,34.942.394.000
11/09/2022,04,15,20,31,43,44,30.720.902.000
09/09/2022,04,06,13,14,28,39,27.126.697.500
07/09/2022,08,09,10,20,35,38,24.136.566.500
04/09/2022,05,17,19,27,35,39,22.380.171.500
02/09/2022,02,03,14,21,31,33,21.055.715.000
31/08/2022,04,10,28,29,31,34,19.404.163.000
28/08/2022,08,16,31,37,39,41,17.727.644.000
26/08/2022,03,30,31,32,36,45,16.154.250.500
24/08/2022,12,20,21,23,27,34,14.664.625.000
21/08/2022,05,19,21,23,28,36,13.332.771.500
19/08/2022,25,26,33,39,41,43,48.127.997.000
17/08/2022,23,29,35,37,39,45,44.200.260.000
14/08/2022,09,13,21,24,34,35,39.833.936.500
12/08/2022,05,07,16,20,36,41,35.660.319.500
10/08/2022,04,08,10,15,26,31,32.328.305.000
07/08/2022,06,09,10,13,24,27,30.408.294.000
05/08/2022,10,13,14,32,37,42,28.638.819.500
03/08/2022,05,14,30,36,38,42,26.577.005.500
31/07/2022,03,08,15,16,40,42,24.608.526.000
29/07/2022,05,07,11,20,31,37,22.900.672.000
27/07/2022,09,15,18,22,32,41,21.311.501.500
24/07/2022,04,11,17,29,30,44,19.644.682.500
22/07/2022,04,10,18,22,31,37,17.983.538.500
20/07/2022,05,06,20,22,26,39,16.450.587.000
17/07/2022,07,13,20,23,27,29,15.129.926.500
15/07/2022,04,30,35,39,42,43,13.568.382.000
13/07/2022,04,09,21,28,35,37,16.263.765.000
10/07/2022,12,23,29,36,37,41,14.744.806.000
08/07/2022,06,07,12,18,21,43,13.152.583.000
06/07/2022,04,12,14,15,41,42,66.844.435.000
03/07/2022,08,14,17,20,21,40,60.754.135.000
01/07/2022,17,26,30,31,33,39,55.416.491.000
29/06/2022,01,19,20,27,30,32,50.036.747.000
26/06/2022,03,07,08,18,27,36,44.984.697.500
24/06/2022,07,16,18,32,34,44,40.655.214.000
22/06/2022,03,20,23,30,33,35,36.830.904.000
19/06/2022,01,24,25,31,39,40,32.798.069.000
17/06/2022,05,08,26,29,35,44,28.961.809.500
15/06/2022,01,06,12,20,36,39,25.773.380.500
12/06/2022,06,14,19,22,40,42,23.453.316.000
10/06/2022,10,23,25,26,30,41,21.682.925.500
08/06/2022,02,10,13,15,22,36,19.988.694.000
05/06/2022,06,08,21,28,30,35,18.393.789.500
03/06/2022,05,08,34,38,39,41,16.907.266.000
01/06/2022,06,10,21,23,28,39,15.582.586.500
29/05/2022,02,06,19,24,30,42,14.256.983.000
27/05/2022,16,21,23,27,35,41,13.079.045.500
25/05/2022,19,26,27,39,44,45,37.336.878.000
22/05/2022,01,07,10,24,33,40,33.635.682.500
20/05/2022,12,17,34,39,44,45,30.055.438.000
18/05/2022,03,17,23,37,40,42,26.804.142.000
15/05/2022,05,20,21,31,34,37,24.169.204.000
13/05/2022,07,08,18,29,41,44,22.293.891.500
11/05/2022,02,06,07,18,34,41,20.622.299.500
08/05/2022,04,12,20,25,35,37,19.023.068.000
06/05/2022,01,03,15,16,34,43,17.465.051.000
04/05/2022,01,04,23,28,33,38,15.915.138.500
01/05/2022,08,21,26,35,37,42,14.476.477.000
29/04/2022,05,12,16,25,26,32,13.161.021.000
27/04/2022,03,09,14,17,27,32,36.546.933.000
24/04/2022,09,12,23,30,32,40,32.384.289.000
22/04/2022,11,13,15,18,24,36,28.476.669.500
20/04/2022,01,08,17,21,27,37,26.148.270.500
17/04/2022,05,13,15,28,38,40,24.256.968.000
15/04/2022,09,18,21,25,35,44,22.501.089.500
13/04/2022,01,07,20,25,40,41,20.906.620.000
10/04/2022,04,17,28,30,38,42,19.102.705.000
08/04/2022,02,13,16,19,20,36,17.611.855.000
06/04/2022,13,17,19,25,32,45,16.086.020.000
03/04/2022,05,11,20,26,40,43,14.573.466.500
01/04/2022,02,19,25,32,41,44,13.219.566.000
30/03/2022,01,12,26,28,39,45,22.422.244.500
27/03/2022,08,17,21,39,44,45,20.912.630.500
25/03/2022,01,12,13,27,29,35,19.431.284.000
23/03/2022,02,09,37,38,40,43,17.867.079.000
20/03/2022,01,09,10,12,22,44,16.182.991.000
18/03/2022,06,10,15,29,41,42,14.843.907.500
16/03/2022,10,11,14,24,31,45,13.414.721.000
13/03/2022,01,05,19,20,23,38,36.253.032.000
11/03/2022,06,20,23,29,34,45,32.340.443.500
09/03/2022,03,15,35,39,40,43,28.814.538.500
06/03/2022,11,16,21,33,34,42,25.072.243.500
04/03/2022,03,19,21,24,27,38,23.151.086.500
02/03/2022,07,10,13,20,21,34,21.457.475.500
27/02/2022,10,20,25,27,38,45,19.617.776.000
25/02/2022,10,13,30,33,39,41,18.128.463.500
23/02/2022,02,16,18,19,24,29,16.542.911.000
20/02/2022,04,06,16,30,43,44,14.939.869.500
18/02/2022,03,14,20,26,28,36,13.446.070.000
16/02/2022,02,05,08,16,22,42,43.057.471.000
13/02/2022,14,21,22,24,28,45,38.734.645.000
11/02/2022,10,11,19,38,41,44,36.100.164.000
09/02/2022,03,20,27,37,44,45,34.007.667.500
06/02/2022,05,09,21,24,34,39,31.614.479.500
04/02/2022,11,16,18,38,40,43,29.607.165.500
02/02/2022,05,06,14,20,31,38,27.709.922.500
30/01/2022,01,07,22,26,28,41,25.769.631.000
28/01/2022,04,06,12,26,27,39,23.684.465.000
26/01/2022,05,11,15,18,27,43,21.964.946.000
23/01/2022,13,20,24,32,34,40,20.275.298.500
21/01/2022,01,13,17,24,27,42,18.432.653.000
19/01/2022,14,21,25,34,37,39,16.793.959.500
16/01/2022,01,03,04,05,32,33,15.005.629.500
14/01/2022,05,14,27,30,38,45,13.303.467.000
12/01/2022,03,06,13,15,36,44,23.657.658.500
09/01/2022,06,07,11,22,35,41,21.975.994.000
07/01/2022,10,13,24,28,38,44,20.272.931.500
05/01/2022,01,03,08,09,35,40,18.547.498.500
02/01/2022,11,17,30,36,41,45,16.699.523.500
31/12/2021,02,05,12,33,41,45,15.087.497.500
29/12/2021,05,27,33,34,38,40,13.578.555.500
26/12/2021,04,11,16,24,35,44,16.762.864.500
24/12/2021,03,17,25,26,36,38,15.138.833.000
22/12/2021,08,16,17,23,28,38,13.485.049.000
19/12/2021,12,15,24,30,36,45,20.636.521.000
17/12/2021,08,15,16,21,25,33,18.887.000.500
15/12/2021,03,18,29,30,39,41,17.097.562.500
12/12/2021,16,21,29,40,41,43,15.281.516.500
10/12/2021,01,04,17,19,24,42,13.578.476.000
08/12/2021,02,03,16,19,22,34,98.295.409.000
05/12/2021,03,05,06,31,34,35,90.627.189.000
03/12/2021,10,14,29,37,38,40,83.634.807.000
01/12/2021,08,09,30,31,38,45,77.215.625.000
28/11/2021,13,17,26,27,31,37,71.075.874.500
26/11/2021,04,18,25,29,32,34,65.028.430.500
24/11/2021,02,10,18,23,34,36,59.369.630.000
21/11/2021,01,12,29,40,44,45,53.981.901.500
19/11/2021,09,10,26,28,39,43,49.093.217.500
17/11/2021,04,15,25,26,32,35,44.760.096.500
14/11/2021,03,05,18,28,42,43,40.056.685.000
12/11/2021,11,14,18,24,35,37,35.913.676.000
10/11/2021,17,18,19,20,27,44,32.121.468.500
07/11/2021,05,20,24,25,35,36,28.473.605.000
05/11/2021,10,16,36,40,41,42,24.823.862.000
03/11/2021,03,13,15,23,24,44,23.137.555.500
31/10/2021,09,14,17,18,36,41,21.433.245.500
29/10/2021,17,19,22,31,32,34,19.914.830.000
27/10/2021,13,17,26,29,33,39,18.378.377.000
24/10/2021,06,29,31,32,39,44,17.106.173.500
22/10/2021,03,05,06,09,28,43,15.801.269.000
20/10/2021,05,09,33,40,41,45,14.504.128.500
17/10/2021,04,12,21,22,27,40,13.176.319.000
15/10/2021,05,13,17,20,29,45,30.980.331.000
13/10/2021,20,34,37,39,41,42,27.804.912.500
10/10/2021,03,25,26,29,40,42,24.429.731.000
08/10/2021,04,13,18,23,33,43,22.803.507.000
06/10/2021,09,11,15,20,32,36,21.685.002.000
03/10/2021,06,12,28,30,39,42,20.403.874.500
01/10/2021,11,15,17,27,28,45,19.241.396.000
29/09/2021,06,15,16,27,36,42,18.375.874.000
26/09/2021,13,27,34,35,36,41,17.252.470.500
24/09/2021,01,04,07,14,16,41,16.086.062.000
22/09/2021,05,10,19,22,36,45,15.141.186.500
19/09/2021,06,24,28,31,36,43,14.451.502.500
17/09/2021,06,10,15,37,39,44,13.530.158.500
15/09/2021,11,14,17,24,29,35,12.731.541.500
12/09/2021,04,08,21,29,33,45,28.279.182.500
10/09/2021,10,16,22,36,43,44,26.526.202.500
08/09/2021,04,18,28,32,36,40,24.753.445.000
05/09/2021,15,18,25,27,29,34,23.703.678.500
03/09/2021,06,11,18,23,32,44,22.852.645.000
01/09/2021,06,13,33,34,40,45,22.155.215.500
29/08/2021,01,18,21,25,27,35,21.293.308.500
27/08/2021,04,10,11,15,24,37,20.426.007.500
25/08/2021,01,03,05,17,22,33,19.773.149.500
22/08/2021,06,07,18,25,40,43,19.055.917.000
20/08/2021,04,08,17,27,32,36,18.472.892.000
18/08/2021,10,16,19,27,28,36,17.869.440.500
23/07/2021,19,26,31,33,41,42,17.106.759.000
21/07/2021,08,10,12,29,34,37,16.087.964.500
18/07/2021,03,08,19,21,25,36,15.017.833.500
16/07/2021,01,09,18,26,41,45,13.992.056.500
14/07/2021,04,11,22,29,37,43,13.052.822.500
11/07/2021,02,08,15,17,19,30,35.050.968.000
09/07/2021,04,09,17,18,28,32,32.309.994.000
07/07/2021,01,06,13,30,34,43,30.668.735.000
04/07/2021,03,14,15,21,26,37,28.743.212.000
02/07/2021,01,14,15,18,32,45,27.110.872.500
30/06/2021,02,05,06,08,10,32,25.400.284.500
27/06/2021,05,10,29,37,42,44,23.704.232.000
25/06/2021,03,05,06,23,24,39,22.185.507.500
23/06/2021,04,07,20,28,33,41,20.526.628.000
20/06/2021,10,24,27,42,43,45,18.982.427.000
18/06/2021,10,11,28,29,40,42,17.563.534.000
16/06/2021,11,19,24,28,31,39,16.164.413.000
13/06/2021,03,10,12,13,36,44,14.815.632.000
11/06/2021,08,12,13,14,32,40,13.438.632.000
09/06/2021,02,07,18,20,24,36,29.292.855.500
06/06/2021,05,07,10,13,14,42,27.467.427.500
04/06/2021,19,24,31,32,35,36,25.695.873.500
02/06/2021,10,20,22,26,31,42,23.915.617.500
30/05/2021,07,10,19,30,40,45,22.221.494.500
28/05/2021,02,15,33,41,44,45,20.863.349.000
26/05/2021,01,10,22,36,38,45,19.252.692.500
23/05/2021,11,14,22,26,29,44,17.658.371.500
21/05/2021,04,28,37,38,40,42,16.169.239.000
19/05/2021,03,12,23,29,33,34,14.639.616.500
16/05/2021,13,23,33,37,40,43,13.202.141.000
14/05/2021,03,11,16,20,24,30,13.242.112.000
12/05/2021,09,15,22,27,34,42,70.068.418.000
09/05/2021,01,07,16,24,27,37,63.700.477.500
07/05/2021,10,20,21,27,33,34,58.038.778.500
05/05/2021,03,14,20,22,37,44,52.338.709.000
02/05/2021,07,08,30,35,40,44,47.209.898.500
30/04/2021,03,04,20,21,36,41,42.764.126.500
28/04/2021,21,39,40,41,43,45,38.903.466.000
25/04/2021,08,19,21,28,32,44,34.931.499.000
23/04/2021,13,16,18,22,34,39,31.264.325.500
21/04/2021,03,12,19,27,32,35,27.861.050.500
18/04/2021,07,09,15,23,26,27,26.021.983.000
16/04/2021,08,09,11,28,30,39,24.454.960.500
14/04/2021,11,12,16,18,33,35,22.996.078.000
11/04/2021,03,23,27,32,34,39,21.251.858.000
09/04/2021,03,04,08,17,19,37,19.524.873.000
07/04/2021,13,15,19,25,33,34,18.118.581.500
04/04/2021,05,20,27,30,38,43,16.652.715.000
02/04/2021,01,05,09,16,42,44,15.060.673.000
31/03/2021,02,04,06,36,41,42,13.536.495.500
28/03/2021,23,26,40,41,43,44,23.503.378.500
26/03/2021,02,11,15,18,23,42,21.504.845.500
24/03/2021,07,14,23,26,37,39,19.644.598.000
21/03/2021,08,09,11,31,36,39,17.995.687.000
19/03/2021,05,06,24,34,36,37,16.456.035.000
17/03/2021,06,11,26,28,36,41,14.817.761.000
14/03/2021,01,09,11,32,34,42,13.364.217.000
12/03/2021,05,11,17,34,38,42,40.180.868.000
10/03/2021,05,14,15,19,25,33,37.799.084.500
07/03/2021,04,12,25,28,33,45,35.534.020.000
05/03/2021,09,11,13,21,27,41,33.427.077.500
03/03/2021,01,20,28,37,40,44,31.633.445.000
28/02/2021,04,05,25,28,29,42,29.467.504.000
26/02/2021,11,13,19,27,37,41,27.697.196.500
24/02/2021,02,13,19,33,40,43,25.868.493.000
21/02/2021,06,07,22,24,27,37,23.887.950.500
19/02/2021,12,19,22,23,34,44,21.767.678.000
17/02/2021,03,18,21,22,36,44,20.047.161.500
14/02/2021,03,13,18,21,39,44,18.057.569.500
10/02/2021,08,13,18,19,21,24,16.640.737.500
07/02/2021,01,04,07,15,41,42,14.949.740.500
05/02/2021,02,08,31,32,42,44,13.433.505.000
03/02/2021,07,09,14,23,35,41,24.820.198.500
31/01/2021,04,06,07,11,34,41,23.187.996.000
29/01/2021,06,07,08,29,35,39,21.357.120.500
27/01/2021,01,07,11,28,41,44,19.736.887.000
24/01/2021,08,09,23,25,31,32,17.985.612.000
22/01/2021,01,06,07,20,28,43,16.469.103.000
20/01/2021,07,20,29,30,40,45,14.904.372.000
17/01/2021,04,05,32,39,40,42,13.432.888.000
15/01/2021,04,06,10,13,26,43,13.284.139.000
13/01/2021,19,20,21,28,33,41,19.778.012.000
10/01/2021,10,11,22,32,38,43,18.016.946.500
08/01/2021,08,19,22,25,32,35,16.509.836.500
06/01/2021,22,27,30,35,40,45,15.043.389.000
03/01/2021,04,31,34,36,40,43,13.599.620.500
01/01/2021,10,16,24,26,30,32,100.379.870.000
30/12/2020,01,13,20,26,35,37,93.092.703.500
27/12/2020,03,11,17,19,34,39,85.542.628.500
25/12/2020,06,12,15,22,33,39,79.257.983.500
23/12/2020,07,11,17,31,35,40,73.587.193.000
20/12/2020,15,18,28,30,34,44,67.862.170.500
18/12/2020,04,09,14,23,32,38,62.918.148.000
16/12/2020,10,11,22,27,36,41,58.449.750.000
13/12/2020,10,12,20,36,41,44,53.778.716.000
11/12/2020,23,24,25,35,37,39,49.475.568.500
09/12/2020,16,24,27,31,36,43,45.377.214.000
06/12/2020,11,21,24,27,29,37,41.344.297.000
04/12/2020,03,05,33,37,41,43,37.621.514.500
02/12/2020,04,05,07,10,25,39,34.216.388.000
29/11/2020,06,07,14,18,37,43,32.487.853.000
27/11/2020,01,09,12,13,37,43,30.862.326.500
25/11/2020,01,05,07,08,25,40,29.360.095.000
22/11/2020,09,16,17,24,32,40,27.655.191.500
20/11/2020,02,17,24,29,31,37,26.126.425.000
18/11/2020,18,19,21,31,39,44,24.618.929.000
15/11/2020,14,16,21,29,40,41,23.148.689.500
13/11/2020,08,22,23,33,34,36,21.632.894.500
11/11/2020,04,10,12,17,20,35,20.122.882.500
08/11/2020,03,12,14,16,23,33,18.724.109.500
06/11/2020,19,24,30,32,36,37,17.496.992.000
04/11/2020,03,08,11,13,26,38,16.175.474.000
01/11/2020,06,21,27,30,32,44,15.227.119.000
30/10/2020,04,05,14,18,23,43,14.044.809.000
28/10/2020,01,04,07,15,35,45,13.017.582.500
25/10/2020,11,19,30,38,41,45,15.469.693.500
23/10/2020,05,10,16,23,34,45,14.262.597.000
21/10/2020,04,11,26,36,38,41,13.214.173.000
18/10/2020,01,14,25,26,30,40,24.736.948.000
16/10/2020,04,14,16,23,24,27,23.175.596.500
14/10/2020,04,07,23,32,43,44,21.714.617.500
11/10/2020,12,18,28,31,40,45,20.556.242.500
09/10/2020,15,19,23,30,33,39,19.233.191.500
07/10/2020,13,15,25,26,28,34,17.933.889.000
04/10/2020,09,16,19,25,26,39,16.586.431.000
02/10/2020,09,11,21,31,32,37,15.499.943.500
30/09/2020,02,05,31,32,42,44,14.253.385.000
27/09/2020,01,12,26,31,37,38,13.062.466.000
25/09/2020,14,20,22,35,44,45,39.137.122.000
23/09/2020,02,08,17,23,30,41,35.907.292.500
20/09/2020,05,07,09,13,15,16,32.667.127.000
18/09/2020,10,19,21,23,27,33,31.378.564.000
16/09/2020,05,20,29,30,38,40,29.847.296.500
13/09/2020,20,23,28,37,40,44,28.258.554.000
11/09/2020,04,11,13,16,17,33,26.560.368.000
09/09/2020,19,21,34,35,36,39,25.062.356.000
06/09/2020,01,06,19,29,31,44,23.500.560.000
04/09/2020,07,16,20,30,40,41,22.097.628.000
02/09/2020,08,10,14,16,18,24,20.638.279.000
30/08/2020,06,08,18,19,29,33,19.318.430.000
28/08/2020,10,11,14,23,27,37,18.106.010.500
26/08/2020,02,18,24,28,35,42,16.963.660.000
23/08/2020,10,14,19,25,36,39,15.667.908.000
21/08/2020,07,08,26,30,37,43,14.448.262.000
19/08/2020,07,20,36,37,43,45,13.211.329.500
16/08/2020,02,05,06,20,33,39,17.198.203.500
14/08/2020,09,18,21,24,34,41,15.762.353.000
12/08/2020,07,21,34,38,43,44,14.457.721.000
09/08/2020,11,13,14,43,44,45,13.221.947.500
07/08/2020,17,26,35,40,43,44,70.360.287.500
05/08/2020,14,18,19,32,33,38,65.070.796.000
02/08/2020,06,09,12,17,41,42,60.108.410.500
31/07/2020,04,09,19,29,36,41,55.804.881.000
29/07/2020,06,14,26,41,42,43,51.471.624.500
26/07/2020,05,15,21,39,43,45,47.551.547.500
24/07/2020,04,25,31,35,39,41,44.043.448.000
22/07/2020,09,13,18,24,26,42,40.417.844.000
19/07/2020,01,13,14,19,42,45,36.823.607.000
17/07/2020,04,10,18,20,32,45,33.354.961.500
15/07/2020,10,11,18,19,20,45,30.337.936.500
12/07/2020,02,15,21,27,31,35,27.309.454.000
10/07/2020,18,20,22,33,35,39,24.662.886.500
08/07/2020,14,15,17,21,31,38,23.096.788.500
05/07/2020,05,08,10,17,22,31,21.412.184.000
03/07/2020,04,05,17,18,22,36,19.920.010.500
01/07/2020,10,13,14,26,32,33,18.717.334.500
28/06/2020,04,15,24,36,37,41,17.173.729.000
26/06/2020,09,23,27,30,38,41,15.917.912.500
24/06/2020,07,17,18,32,39,40,14.614.719.000
21/06/2020,07,09,13,33,40,44,13.220.130.500
19/06/2020,04,12,17,19,32,45,91.368.222.000
17/06/2020,07,16,28,33,34,45,84.946.818.500
14/06/2020,19,22,24,41,44,45,78.571.404.000
12/06/2020,05,16,22,27,30,31,73.475.094.000
10/06/2020,02,11,23,25,26,35,68.049.543.000
07/06/2020,06,07,11,16,23,44,62.815.156.500
05/06/2020,10,13,22,28,38,43,58.798.582.000
03/06/2020,01,15,17,19,40,43,54.279.268.000
31/05/2020,01,06,13,27,35,40,49.640.083.000
29/05/2020,04,10,23,26,35,37,45.537.563.500
27/05/2020,06,15,29,30,37,42,41.676.491.500
24/05/2020,01,29,30,32,34,35,37.678.580.500
22/05/2020,03,08,19,28,35,41,33.938.516.000
20/05/2020,01,08,15,23,25,39,32.194.354.500
17/05/2020,02,04,21,30,33,37,30.660.959.000
15/05/2020,03,12,13,28,33,36,28.926.318.500
13/05/2020,06,20,21,35,40,45,27.388.276.500
10/05/2020,07,09,23,32,33,37,25.796.746.500
08/05/2020,01,03,07,12,22,25,24.151.984.500
06/05/2020,03,18,25,29,30,44,22.721.676.000
03/05/2020,05,18,29,32,38,44,21.141.122.000
01/05/2020,06,07,16,37,40,44,19.664.130.500
29/04/2020,01,08,11,13,15,32,18.366.851.000
26/04/2020,05,25,30,36,37,41,16.901.292.000
24/04/2020,10,31,37,39,40,43,15.554.413.500
29/03/2020,07,10,23,36,39,44,14.287.347.500
27/03/2020,01,06,10,35,36,45,13.089.171.500
25/03/2020,26,31,33,37,38,45,15.800.249.000
22/03/2020,02,10,19,22,24,29,14.394.846.500
20/03/2020,08,23,29,37,39,44,13.176.623.000
18/03/2020,06,21,30,37,38,45,62.684.211.000
15/03/2020,04,07,11,17,19,31,57.959.783.500
13/03/2020,08,13,20,28,35,45,53.983.116.000
11/03/2020,12,16,29,35,37,44,50.186.438.500
08/03/2020,03,13,17,19,21,43,46.265.120.000
06/03/2020,06,09,10,16,26,42,42.660.497.500
04/03/2020,01,07,17,24,35,41,39.345.173.500
01/03/2020,01,06,07,13,26,39,36.055.064.000
28/02/2020,02,19,23,27,29,38,32.941.839.000
26/02/2020,02,10,12,20,24,39,29.761.306.500
23/02/2020,01,06,16,23,34,42,26.980.902.000
21/02/2020,13,15,22,28,29,41,24.507.303.500
19/02/2020,01,16,23,25,30,38,22.971.905.500
16/02/2020,01,04,14,36,37,41,21.451.490.000
14/02/2020,04,14,24,32,36,43,19.896.006.000
12/02/2020,05,13,16,20,24,35,18.686.469.000
09/02/2020,01,04,18,22,26,35,17.272.512.500
07/02/2020,06,11,15,33,40,44,15.894.979.500
05/02/2020,09,19,24,37,38,45,14.716.702.500
02/02/2020,01,04,16,32,35,38,13.410.590.500
31/01/2020,08,09,20,25,30,40,39.393.760.000
29/01/2020,03,10,16,24,39,44,35.767.812.500
26/01/2020,04,05,09,25,33,37,32.663.745.000
22/01/2020,01,15,16,34,36,42,29.298.454.500
19/01/2020,01,04,19,25,35,39,25.510.108.000
17/01/2020,08,26,28,37,40,42,23.200.768.000
15/01/2020,02,08,19,31,38,44,21.510.758.000
12/01/2020,07,12,17,21,35,45,19.872.112.500
10/01/2020,10,18,24,35,41,43,18.509.904.500
08/01/2020,02,04,10,21,25,43,17.008.985.000
05/01/2020,05,11,12,26,44,45,15.550.849.500
03/01/2020,01,15,17,26,32,44,14.655.615.000
01/01/2020,08,10,23,26,37,38,13.312.067.500
29/12/2019,07,12,21,24,35,43,57.045.118.500
27/12/2019,02,07,10,12,33,43,52.865.508.000
25/12/2019,10,18,25,26,36,43,48.452.999.500
22/12/2019,09,10,11,18,22,36,44.243.846.500
20/12/2019,01,09,16,27,38,45,40.443.194.000
18/12/2019,08,09,12,19,22,25,37.173.295.000
15/12/2019,03,13,15,16,22,36,35.603.542.000
13/12/2019,02,08,09,25,26,40,33.790.460.500
11/12/2019,01,02,08,27,29,39,32.090.856.500
08/12/2019,12,20,30,31,34,44,30.329.123.500
06/12/2019,02,20,26,35,43,45,28.546.624.000
04/12/2019,16,19,24,30,32,35,26.950.480.500
01/12/2019,03,14,16,27,31,35,25.377.089.500
29/11/2019,14,15,16,17,19,34,23.737.598.500
27/11/2019,03,05,13,19,20,33,22.213.329.000
24/11/2019,05,21,24,28,29,34,20.885.667.500
22/11/2019,01,09,10,19,30,38,19.423.681.500
20/11/2019,10,21,22,24,43,44,18.300.224.000
17/11/2019,06,07,14,31,39,44,16.908.131.500
15/11/2019,02,13,27,33,40,41,15.604.919.500
13/11/2019,17,19,24,30,31,40,14.424.595.500
10/11/2019,04,14,21,28,32,36,13.211.095.000
08/11/2019,04,16,19,30,32,44,13.105.822.000
06/11/2019,03,15,22,23,38,43,25.973.365.000
03/11/2019,28,30,32,38,44,45,24.662.089.000
01/11/2019,06,11,20,30,37,40,23.289.402.000
30/10/2019,02,05,08,12,29,38,21.917.627.500
27/10/2019,01,19,29,30,40,42,20.715.497.000
25/10/2019,04,07,09,22,32,37,19.294.833.000
23/10/2019,02,09,21,23,32,41,18.002.864.000
20/10/2019,01,03,08,15,38,40,16.793.980.000
18/10/2019,04,14,15,22,28,39,15.557.260.500
16/10/2019,01,04,23,28,41,42,14.327.867.000
13/10/2019,06,22,28,31,37,40,13.134.526.000
11/10/2019,06,12,14,27,28,36,22.740.613.000
09/10/2019,03,12,21,24,28,32,21.389.955.500
06/10/2019,01,06,17,30,44,45,20.224.441.000
04/10/2019,02,09,24,25,30,36,18.949.662.000
02/10/2019,02,06,07,25,28,41,17.753.510.000
29/09/2019,02,09,12,18,21,23,16.530.261.500
27/09/2019,06,09,11,28,37,44,15.393.271.500
25/09/2019,09,14,22,26,44,45,14.415.927.500
22/09/2019,03,06,21,36,38,39,13.255.293.000
20/09/2019,07,12,24,29,31,45,99.453.004.500
18/09/2019,03,09,13,17,19,20,94.535.082.000
15/09/2019,08,09,28,33,35,43,89.344.198.000
13/09/2019,02,15,17,25,30,38,84.031.956.000
11/09/2019,21,25,29,32,34,35,78.841.975.000
08/09/2019,06,09,11,26,28,36,73.447.486.500
06/09/2019,02,04,13,15,26,31,69.609.684.500
04/09/2019,01,09,11,23,30,37,65.623.409.000
01/09/2019,05,07,14,16,29,40,61.531.051.000
30/08/2019,05,06,22,23,25,44,57.561.110.500
28/08/2019,01,04,12,14,19,30,53.879.797.500
25/08/2019,07,08,15,20,24,31,50.256.177.000
23/08/2019,06,07,12,17,19,24,46.911.829.000
21/08/2019,06,08,17,20,21,31,43.784.877.000
18/08/2019,02,07,18,21,24,33,40.626.087.000
16/08/2019,06,14,15,19,31,39,37.492.523.500
14/08/2019,13,20,22,24,33,34,34.518.894.000
11/08/2019,01,04,07,09,25,31,31.428.258.500
09/08/2019,11,19,26,28,30,42,28.478.574.500
07/08/2019,01,05,13,31,32,43,26.578.394.000
04/08/2019,06,10,21,30,43,45,25.016.702.000
02/08/2019,11,18,20,22,25,26,23.471.032.000
31/07/2019,06,12,15,19,25,45,22.199.548.000
28/07/2019,05,14,16,24,42,43,21.025.187.500
26/07/2019,05,14,16,22,25,33,19.673.771.500
24/07/2019,20,22,25,39,44,45,18.405.343.500
21/07/2019,07,08,10,24,33,44,17.128.970.000
19/07/2019,09,12,23,26,28,43,16.041.728.500
17/07/2019,10,11,16,22,28,35,15.023.456.000
14/07/2019,02,03,07,25,33,34,14.014.911.500
12/07/2019,16,18,24,26,40,44,12.982.557.500
10/07/2019,01,02,06,07,16,27,29.119.908.000
07/07/2019,02,18,21,23,30,31,27.560.799.500
05/07/2019,19,21,30,31,37,43,25.923.998.500
03/07/2019,02,07,25,29,39,45,24.476.352.500
30/06/2019,05,20,22,25,28,32,23.161.203.000
28/06/2019,11,25,37,40,41,45,21.710.623.500
26/06/2019,01,05,09,10,33,41,20.418.360.500
23/06/2019,03,08,11,27,32,36,19.041.263.000
21/06/2019,01,04,19,21,23,39,17.771.417.500
19/06/2019,02,04,11,15,35,40,16.557.487.500
16/06/2019,06,07,19,29,31,36,15.332.578.500
14/06/2019,02,12,16,36,37,45,14.177.934.500
12/06/2019,10,11,21,23,26,37,13.115.937.000
09/06/2019,02,06,22,25,35,36,34.381.055.000
07/06/2019,11,13,15,26,27,41,32.742.356.500
05/06/2019,04,08,22,25,37,39,31.263.883.000
02/06/2019,02,05,12,35,41,43,29.782.077.000
31/05/2019,05,06,07,12,23,30,28.327.703.000
29/05/2019,12,18,19,27,35,42,26.999.524.500
26/05/2019,11,12,14,23,29,32,25.583.062.000
24/05/2019,02,03,31,33,35,40,24.272.614.500
22/05/2019,01,13,16,22,23,35,22.677.291.500
19/05/2019,02,11,19,27,30,42,21.220.151.500
17/05/2019,06,16,18,29,39,43,19.892.566.500
15/05/2019,17,28,29,33,34,35,18.642.166.500
12/05/2019,01,08,13,17,21,43,17.230.884.500
10/05/2019,05,23,25,30,35,38,15.860.858.500
08/05/2019,01,07,08,31,34,45,14.557.802.000
05/05/2019,13,27,30,38,39,41,13.321.559.500
03/05/2019,01,06,14,31,35,44,20.603.254.000
01/05/2019,18,23,24,27,33,41,19.167.212.000
28/04/2019,04,24,28,30,33,43,17.974.733.000
26/04/2019,01,02,14,15,16,30,16.734.191.500
24/04/2019,04,07,12,13,20,45,15.460.909.500
21/04/2019,08,11,13,20,41,43,14.253.836.000
19/04/2019,01,04,05,12,17,21,13.042.826.000
17/04/2019,07,11,21,25,30,44,13.225.173.500
14/04/2019,04,13,20,34,35,37,44.071.252.500
12/04/2019,03,12,15,16,17,44,40.141.316.500
10/04/2019,07,11,14,30,35,42,36.441.477.000
07/04/2019,08,10,26,28,32,34,32.688.405.500
05/04/2019,02,07,25,36,38,43,29.177.213.000
03/04/2019,04,11,18,33,34,45,26.129.369.500
31/03/2019,03,05,19,28,31,38,24.437.276.000
29/03/2019,02,19,26,27,30,37,22.765.342.000
27/03/2019,09,12,22,24,30,42,21.055.913.000
24/03/2019,05,17,21,27,34,40,19.595.469.000
22/03/2019,01,03,06,13,18,41,18.010.166.000
20/03/2019,02,07,17,24,29,37,16.559.719.000
17/03/2019,05,06,16,18,24,42,15.253.753.500
15/03/2019,05,10,15,19,38,42,14.180.566.000
13/03/2019,05,16,24,26,34,44,13.014.844.500
10/03/2019,05,24,31,32,42,45,24.935.729.000
08/03/2019,04,14,20,27,32,43,23.311.659.500
06/03/2019,02,07,14,24,40,41,21.651.509.000
03/03/2019,01,13,17,20,30,45,20.020.723.000
01/03/2019,15,23,29,31,38,43,18.395.685.000
27/02/2019,05,12,15,16,25,35,16.899.838.500
24/02/2019,01,07,13,23,32,42,15.777.343.000
22/02/2019,07,10,18,25,44,45,14.477.636.500
20/02/2019,01,10,15,24,37,45,13.180.421.500
17/02/2019,11,12,14,25,29,31,21.973.928.500
15/02/2019,03,22,26,27,30,44,20.754.252.000
13/02/2019,05,11,18,33,37,41,19.147.983.000
10/02/2019,01,11,17,25,29,35,17.338.772.000
08/02/2019,11,12,33,36,39,43,15.924.776.500
06/02/2019,22,24,25,30,33,38,14.851.632.000
03/02/2019,01,02,05,09,23,24,13.563.140.000
01/02/2019,03,04,06,38,39,43,75.388.996.000
30/01/2019,01,04,06,13,37,41,70.202.846.500
27/01/2019,09,11,12,22,27,29,64.238.800.500
25/01/2019,11,13,14,22,30,38,59.381.811.000
23/01/2019,02,09,13,29,33,40,54.675.909.000
20/01/2019,08,16,21,31,35,38,49.631.995.000
18/01/2019,12,15,19,38,40,45,45.228.539.500
16/01/2019,01,08,14,24,31,40,41.145.812.500
13/01/2019,01,20,21,23,26,33,37.819.245.500
11/01/2019,19,21,22,23,25,44,35.699.076.500
09/01/2019,17,27,28,30,33,41,33.794.171.000
06/01/2019,09,22,33,34,35,44,31.809.761.500
04/01/2019,01,08,14,16,19,22,29.906.609.000
02/01/2019,04,14,32,35,36,40,28.121.934.500
30/12/2018,10,19,31,35,42,44,26.321.218.500
28/12/2018,03,22,24,25,31,37,24.652.572.000
26/12/2018,21,28,34,35,41,44,23.123.394.000
23/12/2018,01,03,10,11,16,44,21.428.428.500
21/12/2018,01,07,16,27,29,34,19.992.770.500
19/12/2018,02,10,11,32,40,44,18.623.341.500
16/12/2018,01,14,22,26,35,42,17.211.916.500
14/12/2018,07,16,20,26,30,34,15.853.774.500
12/12/2018,01,03,11,15,27,30,14.424.640.000
09/12/2018,06,08,26,34,40,41,13.234.739.000
07/12/2018,01,06,07,22,31,39,13.327.206.000
05/12/2018,07,28,29,39,42,45,22.811.729.000
02/12/2018,02,04,12,23,37,45,21.297.938.500
30/11/2018,11,18,23,25,28,35,19.833.902.000
28/11/2018,08,13,20,21,25,28,18.659.638.000
25/11/2018,03,05,11,18,24,29,17.059.686.000
23/11/2018,08,10,12,21,25,40,16.179.431.500
21/11/2018,07,09,16,19,24,33,14.759.709.000
18/11/2018,06,27,28,30,37,44,13.453.897.000
16/11/2018,04,12,18,21,25,41,52.258.801.500
14/11/2018,12,14,24,26,30,40,48.159.309.000
11/11/2018,20,23,26,27,32,34,43.902.022.000
09/11/2018,06,18,28,32,34,35,39.864.238.000
07/11/2018,06,18,22,25,31,37,36.379.047.500
04/11/2018,07,12,13,17,25,30,32.794.682.000
02/11/2018,04,06,11,18,24,25,29.460.748.500
31/10/2018,17,22,26,30,33,35,26.288.813.500
28/10/2018,09,18,19,20,31,45,23.707.191.500
26/10/2018,02,18,31,33,36,41,22.250.368.000
24/10/2018,06,26,34,35,39,42,20.507.870.500
21/10/2018,06,22,24,28,30,37,18.963.930.500
19/10/2018,02,14,30,38,39,45,17.473.946.000
17/10/2018,01,12,14,36,39,43,15.978.847.000
14/10/2018,07,08,09,34,40,43,14.531.727.000
12/10/2018,11,12,20,26,28,42,13.314.551.500
10/10/2018,18,19,22,28,41,42,66.629.405.000
07/10/2018,14,18,31,34,39,44,61.781.541.000
05/10/2018,04,12,17,29,35,44,57.081.586.000
03/10/2018,06,12,19,21,25,45,52.932.632.500
30/09/2018,01,20,24,36,43,45,48.950.540.000
28/09/2018,02,06,11,13,15,38,44.806.838.500
26/09/2018,12,19,27,39,42,45,40.998.275.000
23/09/2018,18,27,32,35,41,44,38.869.967.500
21/09/2018,01,03,11,14,23,29,36.885.341.000
19/09/2018,10,20,22,24,27,42,34.913.441.500
16/09/2018,03,13,17,18,23,34,33.027.155.000
14/09/2018,12,16,17,18,26,34,31.118.111.500
12/09/2018,11,12,13,16,29,31,29.419.428.500
09/09/2018,08,14,18,21,44,45,27.522.500.500
07/09/2018,08,10,11,28,42,45,25.630.550.500
05/09/2018,05,06,22,27,34,37,24.112.702.500
02/09/2018,10,12,13,22,26,40,22.424.074.500
31/08/2018,11,19,30,36,38,40,20.898.326.500
29/08/2018,16,17,24,28,30,36,19.222.545.000
26/08/2018,01,03,11,12,22,36,17.774.665.500
24/08/2018,03,22,25,29,33,40,16.218.356.500
22/08/2018,15,17,18,33,34,44,14.666.550.500
19/08/2018,16,18,28,36,37,45,13.176.212.000
17/08/2018,03,08,22,28,33,42,16.109.307.500
15/08/2018,12,24,25,33,40,44,14.830.706.500
12/08/2018,05,16,17,28,31,38,13.334.071.500
10/08/2018,18,22,24,29,41,45,31.813.307.500
08/08/2018,19,34,37,39,41,44,29.901.465.000
05/08/2018,07,10,18,31,39,43,27.963.487.000
03/08/2018,03,08,10,24,27,28,26.281.515.500
01/08/2018,05,06,29,30,37,38,24.731.858.000
29/07/2018,26,31,32,37,43,45,22.925.351.500
27/07/2018,02,21,32,37,38,42,21.031.963.500
25/07/2018,09,16,18,38,41,45,19.477.380.000
22/07/2018,08,09,24,27,40,45,17.791.807.000
20/07/2018,13,14,16,19,20,23,16.218.909.000
18/07/2018,08,10,14,19,26,34,14.699.373.500
15/07/2018,07,15,20,29,31,38,13.380.902.000
13/07/2018,03,08,09,25,27,28,16.334.968.000
11/07/2018,12,26,28,29,39,43,14.804.193.500
08/07/2018,02,07,08,10,28,44,13.398.681.000
06/07/2018,22,26,33,34,38,42,19.552.700.000
04/07/2018,02,03,27,28,34,43,17.914.040.000
01/07/2018,04,07,15,28,34,37,16.261.589.000
29/06/2018,06,18,22,24,36,39,14.740.422.500
27/06/2018,25,27,29,33,37,38,13.503.491.000
24/06/2018,06,08,23,32,33,41,45.425.875.500
22/06/2018,15,19,20,26,34,39,41.341.594.500
20/06/2018,02,18,22,30,32,43,37.468.041.000
17/06/2018,03,05,06,07,34,40,33.489.990.000
15/06/2018,08,11,13,23,24,28,29.482.556.000
13/06/2018,02,04,17,24,31,40,27.102.742.000
10/06/2018,22,25,35,36,38,39,24.921.544.500
08/06/2018,04,13,32,35,40,42,23.018.484.500
06/06/2018,06,20,22,26,43,44,21.075.967.500
03/06/2018,18,20,24,40,42,45,19.111.078.500
01/06/2018,06,14,19,38,43,44,17.365.309.000
30/05/2018,02,17,19,27,31,36,15.627.431.500
27/05/2018,05,09,17,18,19,22,13.683.452.000
25/05/2018,05,14,22,26,29,39,21.696.294.500
23/05/2018,13,16,25,34,37,41,19.682.837.500
20/05/2018,18,19,25,26,29,39,17.623.253.000
18/05/2018,03,18,24,29,30,35,15.871.546.000
16/05/2018,10,21,23,25,35,38,13.942.069.000
13/05/2018,06,11,16,18,27,41,24.928.178.500
11/05/2018,10,11,26,29,33,38,22.525.075.500
09/05/2018,09,15,20,30,31,33,20.418.869.500
06/05/2018,11,26,28,34,36,37,18.190.592.000
04/05/2018,09,18,25,26,27,29,16.001.414.000
02/05/2018,10,11,22,29,37,40,13.991.781.000
29/04/2018,03,10,22,23,25,43,43.167.500.500
27/04/2018,10,20,24,27,28,29,38.250.538.000
25/04/2018,04,15,17,23,29,43,32.795.426.500
22/04/2018,06,07,22,32,36,39,29.520.435.500
20/04/2018,06,09,14,30,33,42,26.951.035.500
18/04/2018,06,16,28,29,39,44,24.283.540.000
15/04/2018,03,09,13,20,30,34,21.625.367.000
13/04/2018,11,22,24,33,38,43,19.208.849.500
11/04/2018,07,20,23,25,26,39,16.698.808.500
08/04/2018,02,05,11,16,30,34,14.181.136.500
06/04/2018,01,07,08,09,36,40,18.950.624.000
04/04/2018,02,03,06,16,41,44,16.610.316.000
01/04/2018,04,12,24,33,39,43,14.023.275.500
30/03/2018,07,11,18,28,34,43,47.232.044.000
28/03/2018,12,18,31,34,35,42,41.045.491.000
25/03/2018,04,10,13,22,38,42,35.146.443.000
23/03/2018,03,06,12,22,26,35,29.771.262.500
21/03/2018,06,19,38,40,41,44,24.925.558.000
18/03/2018,14,21,24,28,31,40,22.126.590.500
16/03/2018,06,08,13,17,20,34,19.364.868.500
14/03/2018,12,21,23,27,31,34,16.816.618.000
11/03/2018,01,14,19,26,41,42,14.198.696.000
09/03/2018,05,10,13,19,25,44,63.703.129.500
07/03/2018,08,19,25,31,37,40,57.077.335.000
04/03/2018,04,11,19,25,32,40,50.300.808.000
02/03/2018,03,07,15,27,41,45,44.207.793.500
28/02/2018,17,19,21,23,36,40,38.734.509.500
25/02/2018,08,10,12,29,30,42,31.977.072.000
23/02/2018,05,16,19,23,29,37,25.996.836.500
21/02/2018,18,23,24,26,29,33,22.715.192.500
18/02/2018,01,05,14,16,36,38,19.454.641.500
14/02/2018,12,31,32,34,35,43,17.174.625.000
11/02/2018,05,19,27,32,41,45,14.235.832.500
09/02/2018,02,10,14,19,23,37,32.015.128.500
07/02/2018,05,07,18,26,30,36,26.011.855.000
04/02/2018,01,05,13,27,40,45,22.059.937.000
02/02/2018,02,07,14,28,42,45,19.227.076.000
31/01/2018,04,07,09,10,30,40,16.606.785.500
28/01/2018,12,26,27,33,36,37,14.144.899.000
26/01/2018,01,09,18,28,36,44,75.033.798.000
24/01/2018,05,06,24,33,42,45,67.844.710.500
21/01/2018,01,10,11,24,32,37,60.521.055.500
19/01/2018,02,04,27,28,31,36,53.253.948.000
17/01/2018,09,10,12,22,27,41,46.117.073.000
14/01/2018,01,06,10,29,32,41,38.977.908.000
12/01/2018,04,08,17,23,27,34,32.458.724.000
10/01/2018,06,18,21,22,37,45,26.791.424.500
07/01/2018,04,06,11,13,24,31,22.694.481.500
05/01/2018,19,30,34,38,42,44,20.050.529.500
03/01/2018,08,14,19,30,33,35,17.039.845.000
31/12/2017,03,13,14,26,30,34,14.360.960.500
29/12/2017,02,08,17,20,29,39,105.541.617.500
27/12/2017,09,13,19,21,27,30,96.904.849.000
24/12/2017,01,05,09,14,30,31,88.529.570.000
22/12/2017,09,13,17,22,26,33,80.604.750.500
20/12/2017,03,08,25,37,40,42,73.379.042.500
17/12/2017,04,07,16,27,40,41,65.963.106.000
15/12/2017,13,14,17,24,28,43,58.946.980.500
13/12/2017,04,07,19,24,32,38,52.263.301.500
10/12/2017,27,36,39,43,44,45,46.141.752.000
08/12/2017,02,11,15,32,40,44,40.544.388.500
06/12/2017,03,07,29,31,34,43,35.307.952.000
03/12/2017,08,09,15,18,27,30,30.094.115.000
01/12/2017,10,19,30,35,39,45,27.156.006.000
29/11/2017,19,23,26,37,38,41,24.686.239.000
26/11/2017,04,12,17,19,23,34,22.050.287.500
24/11/2017,14,24,32,34,36,45,19.851.922.000
22/11/2017,05,06,09,23,27,35,17.737.324.500
19/11/2017,14,20,30,33,41,43,15.922.069.000
17/11/2017,11,13,18,19,31,45,13.915.237.000
15/11/2017,01,09,15,27,33,43,20.031.482.500
12/11/2017,22,26,37,40,42,44,17.964.388.500
10/11/2017,01,04,19,21,24,35,16.076.253.000
08/11/2017,01,18,23,24,40,41,14.042.946.500
05/11/2017,03,17,38,39,41,44,39.508.281.500
03/11/2017,07,17,20,22,29,44,33.963.663.500
01/11/2017,04,12,25,39,42,44,28.523.607.000
29/10/2017,01,05,28,31,44,45,23.994.411.500
27/10/2017,04,10,13,21,22,38,21.223.116.500
25/10/2017,12,17,23,25,34,38,18.660.832.500
22/10/2017,08,14,16,17,31,42,16.454.311.000
20/10/2017,02,18,25,33,36,42,14.044.139.000
18/10/2017,16,24,32,36,37,40,49.725.546.500
15/10/2017,02,09,14,21,35,40,43.087.021.500
13/10/2017,10,13,20,21,25,36,36.463.490.000
11/10/2017,04,11,14,15,19,26,30.674.931.000
08/10/2017,08,16,24,27,35,39,24.467.091.000
06/10/2017,04,06,18,20,30,45,22.039.395.000
04/10/2017,04,05,09,19,37,44,19.277.233.000
01/10/2017,08,23,27,36,37,43,16.810.782.500
29/09/2017,23,28,30,35,37,42,14.386.322.000
27/09/2017,10,19,33,34,35,45,112.128.144.500
24/09/2017,04,10,11,31,36,39,97.184.052.500
22/09/2017,05,16,21,31,37,41,85.794.951.000
20/09/2017,05,07,13,17,23,33,76.017.619.000
17/09/2017,06,11,15,16,37,40,67.928.383.500
15/09/2017,03,24,35,37,40,43,59.876.865.000
13/09/2017,03,08,19,35,38,40,52.375.807.500
10/09/2017,01,22,23,35,36,42,45.017.827.500
08/09/2017,02,15,17,32,41,44,38.078.171.000
06/09/2017,05,20,24,32,36,42,32.087.827.000
03/09/2017,05,06,26,28,35,43,27.593.130.000
01/09/2017,09,10,13,19,23,41,24.806.172.500
30/08/2017,05,08,11,28,35,41,22.072.526.500
27/08/2017,03,07,16,32,36,39,19.342.630.500
25/08/2017,02,07,12,27,40,44,16.843.686.500
23/08/2017,06,25,27,34,42,43,14.430.230.000
20/08/2017,05,15,18,21,37,45,20.196.533.500
18/08/2017,03,04,18,22,34,37,17.211.832.000
16/08/2017,06,11,15,19,22,41,14.511.266.500
13/08/2017,01,03,06,07,16,18,24.355.032.000
11/08/2017,01,12,19,35,36,41,21.279.857.000
09/08/2017,11,19,22,24,25,31,18.094.934.500
06/08/2017,02,09,10,11,21,43,14.758.481.000
04/08/2017,03,12,13,23,26,37,36.385.680.000
02/08/2017,07,10,17,26,28,43,31.526.653.500
30/07/2017,08,17,24,35,41,44,27.215.847.000
28/07/2017,01,04,09,26,35,39,22.841.331.000
26/07/2017,09,26,27,30,40,44,18.997.393.000
23/07/2017,07,09,13,21,28,39,14.699.647.500
21/07/2017,05,06,09,15,19,32,14.103.027.500
19/07/2017,04,07,13,20,35,44,131.916.845.500
16/07/2017,02,10,27,29,37,39,107.310.536.500
14/07/2017,02,13,19,24,25,33,89.529.309.000
12/07/2017,05,09,14,15,26,42,75.739.875.000
09/07/2017,01,09,14,18,25,28,62.125.331.000
07/07/2017,04,19,22,30,34,35,51.353.669.500
05/07/2017,01,04,16,31,37,40,41.307.196.000
02/07/2017,01,05,07,16,19,44,31.480.779.500
30/06/2017,01,07,10,38,40,42,26.077.564.500
28/06/2017,02,06,21,28,39,40,22.045.991.000
25/06/2017,03,14,33,38,42,44,18.213.880.500
23/06/2017,09,10,21,37,40,42,14.933.472.500
21/06/2017,09,26,29,30,35,37,21.487.564.000
18/06/2017,02,08,12,14,16,26,17.199.957.500
16/06/2017,06,10,17,21,27,38,14.665.599.500
14/06/2017,05,08,15,25,31,35,82.060.579.000
11/06/2017,05,06,11,14,32,33,68.224.154.000
09/06/2017,07,15,19,24,32,42,56.519.820.000
07/06/2017,05,06,13,29,35,44,46.118.017.000
04/06/2017,01,09,23,32,34,35,35.585.407.000
02/06/2017,05,13,16,32,39,41,26.998.153.000
31/05/2017,07,13,16,30,37,44,22.304.986.000
28/05/2017,02,07,17,24,31,44,17.885.440.000
26/05/2017,06,08,25,39,40,45,14.713.507.000
24/05/2017,08,20,25,27,30,33,112.477.419.000
21/05/2017,11,14,17,22,27,42,86.669.528.000
19/05/2017,01,08,18,28,30,33,69.744.001.500
17/05/2017,07,08,11,18,23,42,55.971.817.000
14/05/2017,13,15,17,21,25,40,43.072.266.500
12/05/2017,01,27,35,42,43,45,33.883.918.000
10/05/2017,07,17,21,29,40,44,25.768.903.500
07/05/2017,01,07,28,32,44,45,21.030.978.000
05/05/2017,04,09,12,32,36,43,17.450.444.500
03/05/2017,03,19,20,21,25,45,14.671.443.000
30/04/2017,02,06,08,11,12,25,37.930.392.500
28/04/2017,02,09,11,12,15,23,30.392.235.000
26/04/2017,14,16,17,20,35,39,27.142.731.500
23/04/2017,13,17,22,30,31,43,22.460.863.000
21/04/2017,07,08,15,30,32,39,18.574.303.000
19/04/2017,19,20,32,33,38,44,15.289.489.000
16/04/2017,06,07,18,29,32,44,21.551.860.500
14/04/2017,04,05,10,33,36,38,18.396.351.500
12/04/2017,02,03,08,13,19,41,15.061.131.500
09/04/2017,05,08,21,25,26,37,23.260.825.500
07/04/2017,04,05,16,17,32,40,19.215.805.000
05/04/2017,13,14,20,21,23,33,15.738.450.500
02/04/2017,03,05,07,12,27,33,27.757.861.500
31/03/2017,01,04,05,11,20,30,22.599.497.500
29/03/2017,04,05,24,26,28,37,18.913.358.000
26/03/2017,06,12,23,25,29,43,14.932.069.000
24/03/2017,10,14,30,32,37,42,24.369.075.000
22/03/2017,01,09,24,28,33,36,20.053.374.000
19/03/2017,01,02,06,12,31,36,15.514.249.500
17/03/2017,07,12,24,43,44,45,43.029.075.000
15/03/2017,03,09,10,31,32,40,32.528.800.000
12/03/2017,06,11,30,32,35,42,25.751.732.000
10/03/2017,04,09,21,27,38,44,20.691.602.500
08/03/2017,05,11,14,20,32,42,16.235.308.500
05/03/2017,18,21,24,26,39,45,20.208.845.500
03/03/2017,02,04,13,22,23,41,15.908.249.000
01/03/2017,03,04,26,30,35,44,41.241.151.500
26/02/2017,07,11,16,19,38,39,28.881.350.000
24/02/2017,02,04,19,23,44,45,22.067.968.000
22/02/2017,01,03,08,18,28,42,17.094.590.500
19/02/2017,01,17,24,25,33,35,41.655.369.000
17/02/2017,12,15,25,27,37,41,30.113.481.000
15/02/2017,04,16,19,27,29,30,22.068.008.000
12/02/2017,04,06,12,21,23,28,16.293.746.000
10/02/2017,02,06,10,13,20,28,31.054.352.000
08/02/2017,15,26,29,32,34,38,23.731.260.500
05/02/2017,01,11,26,29,34,40,17.097.119.000
03/02/2017,08,17,31,32,33,39,22.224.383.000
01/02/2017,02,10,11,18,22,33,16.621.416.500
29/01/2017,05,13,21,27,29,45,75.850.074.500
25/01/2017,06,09,14,18,28,30,59.055.061.500
22/01/2017,01,20,21,22,26,29,44.064.415.000
20/01/2017,01,11,31,32,34,37,31.062.333.000
18/01/2017,11,22,26,28,35,43,24.189.181.500
15/01/2017,05,25,27,29,31,43,17.152.877.000
13/01/2017,12,24,29,32,37,39,17.491.608.500
11/01/2017,02,08,21,29,37,45,28.747.032.500
08/01/2017,12,18,29,32,39,45,18.718.983.500
06/01/2017,22,30,34,36,43,45,30.531.270.500
04/01/2017,04,19,25,27,29,31,20.148.356.500
01/01/2017,09,18,24,33,36,39,48.794.185.000
30/12/2016,07,23,27,29,35,37,33.158.297.500
28/12/2016,02,22,25,33,38,43,21.524.698.500
25/12/2016,05,12,20,29,34,36,159.232.985.000
23/12/2016,01,17,24,25,37,43,126.099.475.000
21/12/2016,03,06,12,14,18,40,98.384.793.500
18/12/2016,03,07,30,32,41,43,73.843.316.500
16/12/2016,05,08,33,34,39,44,57.376.762.500
14/12/2016,05,06,12,16,26,30,42.627.154.000
11/12/2016,02,03,04,05,22,24,26.567.247.500
09/12/2016,11,12,15,17,21,26,18.528.083.000
07/12/2016,13,23,27,28,32,45,69.582.180.000
04/12/2016,03,05,13,27,38,44,49.357.581.000
02/12/2016,17,26,33,34,37,42,34.053.459.000
30/11/2016,06,15,17,20,23,41,21.722.316.000
27/11/2016,12,16,17,18,22,30,54.886.916.500
25/11/2016,03,04,25,31,37,40,37.849.277.000
23/11/2016,02,22,23,24,28,37,22.673.898.000
20/11/2016,09,23,33,38,41,42,56.100.126.000
18/11/2016,11,12,16,24,26,31,38.611.602.000
16/11/2016,01,09,17,28,43,44,23.092.467.000
13/11/2016,11,23,25,34,36,45,71.066.641.000
11/11/2016,10,17,22,23,30,36,54.743.403.000
09/11/2016,02,10,14,24,25,30,38.977.855.000
06/11/2016,04,15,16,20,26,41,23.252.753.000
04/11/2016,05,13,22,24,28,32,17.235.306.000
02/11/2016,03,05,08,10,13,22,64.808.542.500
30/10/2016,07,12,25,28,40,44,52.703.398.000
28/10/2016,10,11,13,14,16,38,42.928.404.000
26/10/2016,01,08,16,18,21,28,32.312.328.000
23/10/2016,02,05,12,21,22,40,22.362.082.500
21/10/2016,16,17,30,32,34,38,17.842.703.500
19/10/2016,02,13,15,17,18,41,14.659.178.500
16/10/2016,05,21,31,33,38,42,92.030.182.500
14/10/2016,03,07,09,18,28,39,87.558.225.500
12/10/2016,02,08,15,16,19,25,84.060.767.000
09/10/2016,02,15,20,32,33,44,79.596.879.500
07/10/2016,24,25,27,34,44,45,75.539.052.000
05/10/2016,05,06,19,31,42,44,71.430.098.000
02/10/2016,16,23,27,34,35,38,67.219.887.000
30/09/2016,06,20,30,38,40,45,64.193.390.500
28/09/2016,03,06,17,21,32,40,60.841.799.500
25/09/2016,01,20,28,32,42,44,57.057.357.500
23/09/2016,08,14,19,29,30,40,53.733.170.500
21/09/2016,05,12,15,30,37,41,50.637.656.500
18/09/2016,07,10,17,20,25,32,47.104.438.000
16/09/2016,04,05,06,23,31,34,44.453.054.500
14/09/2016,02,11,14,23,25,32,41.528.788.000
11/09/2016,06,09,10,18,20,31,38.971.774.000
09/09/2016,07,13,16,18,31,32,36.597.883.000
07/09/2016,06,08,12,13,15,19,34.202.887.000
04/09/2016,11,15,20,24,27,45,32.087.986.000
02/09/2016,09,13,24,35,36,41,29.958.428.500
31/08/2016,08,20,21,31,34,39,27.868.784.500
28/08/2016,04,06,10,15,16,44,25.624.053.000
26/08/2016,10,36,39,43,44,45,24.214.106.500
24/08/2016,08,17,21,23,36,40,23.139.377.500
21/08/2016,13,21,24,25,29,44,21.982.877.500
19/08/2016,11,12,17,33,34,36,21.032.293.000
17/08/2016,02,04,09,19,21,26,20.253.396.500
14/08/2016,13,16,17,29,31,37,19.290.861.000
12/08/2016,28,31,34,37,38,41,18.841.509.500
10/08/2016,06,15,16,19,27,30,17.952.978.000
07/08/2016,03,05,17,22,30,31,17.164.580.000
05/08/2016,03,09,13,18,24,31,16.409.266.000
03/08/2016,07,10,25,27,29,40,15.791.342.500
31/07/2016,02,06,19,21,35,39,15.121.387.000
29/07/2016,03,08,13,20,30,36,14.565.346.500
27/07/2016,14,17,21,25,31,37,13.942.033.000
24/07/2016,01,10,16,18,23,38,13.271.044.500
22/07/2016,03,04,14,20,25,35,12.858.704.500
20/07/2016,02,17,33,37,38,45,12.000.000.000
